2019/08/25 03:34:41,ILTC-00001,Login,I have open the browser,Pass
2019/08/25 03:34:41,ILTC-00002,Login,Verify the logo,Pass
2019/08/25 03:34:41,,Login,Click on user name,Pass
2019/08/25 03:34:41,ILTC-00023,Login,Enter the correct username and are given in associated text fields,Pass
2019/08/25 03:34:41,,Login,Click on user name,Pass
2019/08/25 03:34:41,ILTC-00024,Login,Enter the correct password are given in associated text fields,Pass
2019/08/25 03:34:41,ILTC-00025,Login,Click on login button,Pass
2019/08/25 03:34:41,,Login,Verify the launch_menu bar,Pass
2019/08/25 03:34:41,,Chart,Mouse over on widget name,Pass
2019/08/25 03:34:41,ICTC-00165,Chart,Click on right click on option in widget name,Pass
2019/08/25 03:34:41,ICTC-00172,Options,Click on Close Other Tabs all taba is closing or not,Pass
2019/08/25 03:34:41,,Chart,Mouse over on widget name,Pass
2019/08/25 03:34:41,ICTC-00165,Chart,Click on right click on option in widget name,Pass
2019/08/25 03:34:41,ICTC-00173,Chart,Click on Close Tab in widget name,Pass
2019/08/25 03:34:41,IOTC-00001,Options,Verify the Options,Pass
2019/08/25 03:34:41,IOTC-00002,Options,Click on Options,Pass
2019/08/25 03:34:41,ICTC-00003,Options,Verify the Symbol Linking in Chart,Pass
2019/08/25 03:34:41,ICTC-00004,Options,Click on Symbol Linking in Chart,Pass
2019/08/25 03:34:41,ICTC-00005,Options,Verify the each Check Functionalities in Chart,Pass
2019/08/25 03:34:41,ICTC-00006,Options,Click on each Check Functionalities in Chart,Pass
2019/08/25 03:34:41,IWLTC-00004,Options,Click on Symbol Linking,Pass
2019/08/25 03:34:41,ICTC-00005,Options,Verify the each Check Functionalities in Chart,Pass
2019/08/25 03:34:41,ICTC-00006,Options,Click on each Check Functionalities in Chart,Pass
2019/08/25 03:34:41,IWLTC-00004,Options,Click on Symbol Linking,Pass
2019/08/25 03:34:41,ICTC-00005,Options,Verify the each Check Functionalities in Chart,Pass
2019/08/25 03:34:41,ICTC-00006,Options,Click on each Check Functionalities in Chart,Pass
2019/08/25 03:34:41,IWLTC-00004,Options,Click on Symbol Linking,Pass
2019/08/25 03:34:41,ICTC-00005,Options,Verify the each Check Functionalities in Chart,Pass
2019/08/25 03:34:41,ICTC-00006,Options,Click on each Check Functionalities in Chart,Pass
2019/08/25 03:34:41,IWLTC-00004,Options,Click on Symbol Linking,Pass
2019/08/25 03:34:41,ICTC-00005,Options,Verify the each Check Functionalities in Chart,Pass
2019/08/25 03:34:41,ICTC-00006,Options,Click on each Check Functionalities in Chart,Pass
2019/08/25 03:34:41,IWLTC-00004,Options,Click on Symbol Linking,Pass
2019/08/25 03:34:41,ICTC-00005,Options,Verify the each Check Functionalities in Chart,Pass
2019/08/25 03:34:41,ICTC-00006,Options,Click on each Check Functionalities in Chart,Pass
2019/08/25 03:34:41,IWLTC-00004,Options,Click on Symbol Linking,Pass
2019/08/25 03:34:41,ICTC-00005,Options,Verify the each Check Functionalities in Chart,Pass
2019/08/25 03:34:41,ICTC-00006,Options,Click on each Check Functionalities in Chart,Pass
2019/08/25 03:34:41,IWLTC-00004,Options,Click on Symbol Linking,Pass
2019/08/25 03:34:41,ICTC-00005,Options,Verify the each Check Functionalities in Chart,Pass
2019/08/25 03:34:41,ICTC-00006,Options,Click on each Check Functionalities in Chart,Pass
2019/08/25 03:34:41,IWLTC-00004,Options,Click on Symbol Linking,Pass
2019/08/25 03:34:41,,Options,Call text showing or not in table,Pass
2019/08/25 03:34:41,,Options,puts text showing or not in table,Pass
2019/08/25 03:34:41,IOTC-0008,Options,Check the Calls and Puts Dropdown is working or not. Also check Calls and Puts options under the dropdown,Pass
2019/08/25 03:34:41,IOTC-0009,Options,Verify the calls and puts Dropdown,Pass
2019/08/25 03:34:41,IOTC-00011,Options,Select the calls options,Pass
2019/08/25 03:34:41,,Options,Vrify the cross icon in sets drop down in options,Pass
2019/08/25 03:34:41,,Options,click on cross icon in sets drop down in options,Pass
2019/08/25 03:34:41,IOTC-0008,Options,Check the Calls and Puts Dropdown is working or not. Also check Calls and Puts options under the dropdown,Pass
2019/08/25 03:34:41,IOTC-00012,Options,Select the calls and puts options,Pass
2019/08/25 03:34:41,,Options,clicked on Filter dropdown,Pass
2019/08/25 03:34:41,,Options,clicked on All Expirations,Pass
2019/08/25 03:34:41,,Options,clicked on Filter dropdown,Pass
2019/08/25 03:34:41,,Options,mouse hover on Next dropdown,Pass
2019/08/25 03:34:41,,Options,clicking on next submenus,Pass
2019/08/25 03:34:41,,Options,clicked on Filter dropdown,Pass
2019/08/25 03:34:41,,Options,mouse hover on Next dropdown,Pass
2019/08/25 03:34:41,,Options,clicking on next submenus,Pass
2019/08/25 03:34:41,,Options,clicked on Filter dropdown,Pass
2019/08/25 03:34:41,,Options,mouse hover on Next dropdown,Pass
2019/08/25 03:34:41,,Options,clicking on next submenus,Pass
2019/08/25 03:34:41,,Options,clicked on Filter dropdown,Pass
2019/08/25 03:34:41,,Options,mouse hover on Next dropdown,Pass
2019/08/25 03:34:41,,Options,clicking on next submenus,Pass
2019/08/25 03:34:41,,Options,clicked on Filter dropdown,Pass
2019/08/25 03:34:41,,Options,mouse hover on Next dropdown,Pass
2019/08/25 03:34:41,,Options,clicking on next submenus,Pass
2019/08/25 03:34:41,,Options,clicked on Filter dropdown,Pass
2019/08/25 03:34:41,,Options,mouse hover on Next dropdown,Pass
2019/08/25 03:34:41,clicked on Filter dropdown,Pass
2019/08/25 03:34:41,clicked on Filter dropdown,Pass
2019/08/25 03:34:41,,Options,mouse hover on Monthly dropdown,Pass
2019/08/25 03:34:41,,Options,clicking on monthly submenus,Pass
2019/08/25 03:34:41,,Options,clicking on outside submenus,Pass
2019/08/25 03:34:41,,Options,clicked on Filter dropdown,Pass
2019/08/25 03:34:41,,Options,mouse hover on Monthly dropdown,Pass
2019/08/25 03:34:41,,Options,clicking on monthly submenus,Pass
2019/08/25 03:34:41,,Options,clicking on outside submenus,Pass
2019/08/25 03:34:41,,Options,clicked on Filter dropdown,Pass
2019/08/25 03:34:41,,Options,mouse hover on Monthly dropdown,Pass
2019/08/25 03:34:41,,Options,clicking on monthly submenus,Pass
2019/08/25 03:34:41,,Options,clicking on outside submenus,Pass
2019/08/25 03:34:41,,Options,clicked on Filter dropdown,Pass
2019/08/25 03:34:41,,Options,mouse hover on Monthly dropdown,Pass
2019/08/25 03:34:41,,Options,clicking on monthly submenus,Pass
2019/08/25 03:34:41,,Options,clicking on outside submenus,Pass
2019/08/25 03:34:41,,Options,clicked on Filter dropdown,Pass
2019/08/25 03:34:41,,Options,mouse hover on Monthly dropdown,Pass
2019/08/25 03:34:41,,Options,clicking on monthly submenus,Pass
2019/08/25 03:34:41,,Options,clicking on outside submenus,Pass
2019/08/25 03:34:41,,Options,clicked on Filter dropdown,Pass
2019/08/25 03:34:41,,Options,mouse hover on Monthly dropdown,Pass
2019/08/25 03:34:41,,Options,clicking on monthly submenus,Pass
2019/08/25 03:34:41,,Options,clicking on outside submenus,Pass
2019/08/25 03:34:41,,Options,clicked on Filter dropdown,Pass
2019/08/25 03:34:41,,Options,mouse hover on Monthly dropdown,Pass
2019/08/25 03:34:41,,Options,mouse hover on Specific_Dates dropdown,Pass
2019/08/25 03:34:41,,Options,clicking on specific_datessubmenus,Pass
2019/08/25 03:34:41,,Options,clicking on outside submenus,Pass
2019/08/25 03:34:41,,Options,clicked on Filter dropdown,Pass
2019/08/25 03:34:41,,Options,mouse hover on Specific_Dates dropdown,Pass
2019/08/25 03:34:41,,Options,clicking on specific_datessubmenus,Pass
2019/08/25 03:34:41,,Options,clicking on outside submenus,Pass
2019/08/25 03:34:41,,Options,clicked on Filter dropdown,Pass
2019/08/25 03:34:41,,Options,mouse hover on Specific_Dates dropdown,Pass
2019/08/25 03:34:41,,Options,clicking on specific_datessubmenus,Pass
2019/08/25 03:34:41,,Options,clicking on outside submenus,Pass
2019/08/25 03:34:41,,Options,clicked on Filter dropdown,Pass
2019/08/25 03:34:41,,Options,mouse hover on Specific_Dates dropdown,Pass
2019/08/25 03:34:41,,Options,clicking on specific_datessubmenus,Pass
2019/08/25 03:34:41,,Options,clicking on outside submenus,Pass
2019/08/25 03:34:41,,Options,clicked on Filter dropdown,Pass
2019/08/25 03:34:41,,Options,mouse hover on Specific_Dates dropdown,Pass
2019/08/25 03:34:41,IOTC-00003,Options,Verify the Enter_symbol Drop Down,Pass
2019/08/25 03:34:41,IOTC-00004,Options,Click on Enter_symbol Drop Down,Pass
2019/08/25 03:34:41,IOTC-00005,Options,Click on_symbol the AAPL list,Pass
2019/08/25 03:39:59,IOTC-00006,Options,User selected symbol data is not present,Pass
2019/08/25 03:39:59,IOTC-00006,Options,User selected symbol data is not present,Pass
2019/08/25 03:34:41,IOTC-00004,Options,Click on Enter_symbol Drop Down,Pass
2019/08/25 03:34:41,IOTC-00005,Options,Click on_symbol the CL 1! list,Pass
2019/08/25 03:39:59,IOTC-00006,Options,User selected symbol data is not present,Pass
2019/08/25 03:39:59,IOTC-00006,Options,User selected symbol data is not present,Pass
2019/08/25 03:34:41,IOTC-00004,Options,Click on Enter_symbol Drop Down,Pass
2019/08/25 03:34:41,IOTC-00005,Options,Click on_symbol the IBM list,Pass
2019/08/25 03:39:59,IOTC-00006,Options,User selected symbol data is not present,Pass
2019/08/25 03:39:59,IOTC-00006,Options,User selected symbol data is not present,Pass
2019/08/25 03:34:41,IOTC-00004,Options,Click on Enter_symbol Drop Down,Pass
2019/08/25 03:34:41,IOTC-00069,Options,Verify the strikes drop down,Pass
2019/08/25 03:34:41,IOTC-00070,Options,Click on strikes drop down,Pass
2019/08/25 03:34:41,,Options,Click on all fields cross icon,Pass
2019/08/25 03:34:41,IOTC-00070,Options,Click on strikes drop down,Pass
2019/08/25 03:34:41,,Options,Mouse over on strikes option,Pass
2019/08/25 03:34:41,,Options,Select on strikes value,Pass
2019/08/25 03:40:40,,Options,Thare is no Related Strikes option value,Pass
2019/08/25 03:34:41,,Options,Click on close icon in strikes drop down,Pass
2019/08/25 03:34:41,IOTC-00070,Options,Click on strikes drop down,Pass
2019/08/25 03:34:41,,Options,Mouse over on strikes option,Pass
2019/08/25 03:34:41,,Options,Select on strikes value,Pass
2019/08/25 03:40:40,,Options,Thare is no Related Strikes option value,Pass
2019/08/25 03:34:41,,Options,Click on close icon in strikes drop down,Pass
2019/08/25 03:34:41,IOTC-00070,Options,Click on strikes drop down,Pass
2019/08/25 03:34:41,,Options,Mouse over on strikes option,Pass
2019/08/25 03:34:41,,Options,Select on strikes value,Pass
2019/08/25 03:40:40,,Options,Thare is no Related Strikes option value,Pass
2019/08/25 03:34:41,,Options,Click on close icon in strikes drop down,Pass
2019/08/25 03:34:41,IOTC-00070,Options,Click on strikes drop down,Pass
2019/08/25 03:34:41,,Options,Mouse over on strikes option,Pass
2019/08/25 03:34:41,,Options,Select on strikes value,Pass
2019/08/25 03:40:40,,Options,Thare is no Related Strikes option value,Pass
2019/08/25 03:34:41,,Options,Click on close icon in strikes drop down,Pass
2019/08/25 03:34:41,IOTC-00070,Options,Click on strikes drop down,Pass
2019/08/25 03:34:41,,Options,Mouse over on strikes option,Pass
2019/08/25 03:34:41,,Options,Select on strikes value,Pass
2019/08/25 03:40:40,,Options,Thare is no Related Strikes option value,Pass
2019/08/25 03:34:41,,Options,Click on close icon in strikes drop down,Pass
2019/08/25 03:34:41,IOTC-00070,Options,Click on strikes drop down,Pass
2019/08/25 03:34:41,,Options,Mouse over on strikes option,Pass
2019/08/25 03:34:41,,Options,Click on strikes option,Pass
2019/08/25 03:34:41,,Options,Right clicked on options data,Pass
2019/08/25 03:34:41,,Options,inserting new row,Pass
2019/08/25 03:34:41,,Options,click on add column save button,Pass
2019/08/25 03:34:41,,Options,Right clicked on options data,Pass
2019/08/25 03:34:41,,Options,inserting new row,Pass
2019/08/25 03:34:41,,Options,verify the Add Columns pop title,Pass
2019/08/25 03:34:41,,Options,verify the cancel button in Add Columns pop,Pass
2019/08/25 03:34:41,,Options,Verify the ok button in Add Columns pop,Pass
2019/08/25 03:34:41,,Options,verify the cross icon in Add Columns pop,Pass
2019/08/25 03:34:41,,Options,Add the new insert column,Pass
2019/08/25 03:34:41,,Options,Verify the ok button in Add Columns pop,Pass
2019/08/25 03:34:41,,Options,Click on ok button in Add Columns pop,Pass
2019/08/25 03:34:41,,Options,Right clicked on options data,Pass
2019/08/25 03:34:41,,Options,mouse hover on Specific_Dates dropdown,Pass
2019/08/25 03:34:41,,Options,clicking on Copy As Text,Pass
2019/08/25 03:34:41,,Options,Right clicked on options data,Pass
2019/08/25 03:34:41,,Options,mouse hover on Specific_Dates dropdown,Pass
2019/08/25 03:34:41,,Options,clicking on select all,Pass
2019/08/25 03:34:41,,Options,Right clicked on options data,Pass
2019/08/25 03:34:41,,Options,mouse hover on Specific_Dates dropdown,Pass
2019/08/25 03:34:41,,Options,clicking on Copy As Text,Pass
2019/08/25 03:34:41,,Options,Right clicked on options data,Pass
2019/08/25 03:34:41,,Options,mouse hover on Specific_Dates dropdown,Pass
2019/08/25 03:34:41,,Options,clicking on best fit all,Pass
2019/08/25 03:34:41,,Options,Right clicked on options data,Pass
2019/08/25 03:34:41,,Options,Show Selected Option Symbol Details,Pass
2019/08/25 03:34:41,,Options,Right clicked on options data,Pass
2019/08/25 03:34:41,,Options,mouse hover on Specific_Dates dropdown,Pass
2019/08/25 03:34:41,,Options,clicking on Default Save Options Properties as Default,Pass
2019/08/25 03:34:41,,Options,Right clicked on options data,Pass
2019/08/25 03:34:41,,Options,mouse hover on Specific_Dates dropdown,Pass
2019/08/25 03:34:41,,Options,clicking on Apply Default Properties to the Options,Pass
2019/08/25 03:34:41,,Options,Right clicked on options data,Pass
2019/08/25 03:34:41,,Options,Click on Display_Preferences,Pass
2019/08/25 03:34:41,IOTC-00061,Options,Check Instrument Preference Radio buttons are working or not Equities and Futures,Pass
2019/08/25 03:34:41,IOTC-00067,Options,Verify OK button So that the changes has to be applied in Table layout,Pass
2019/08/25 03:34:41,IOTC-00004,Options,Click on Enter_symbol Drop Down,Pass
2019/08/25 03:34:41,IOTC-00005,Options,Click on_symbol the IBM list,Pass
2019/08/25 03:43:17,IOTC-00006,Options,User selected symbol data is not present,Pass
2019/08/25 03:43:17,IOTC-00006,Options,User selected symbol data is not present,Pass
2019/08/25 03:34:41,IOTC-00004,Options,Click on Enter_symbol Drop Down,Pass
2019/08/25 03:34:41,IOTC-00005,Options,Click on_symbol the CL 1! list,Pass
2019/08/25 03:43:17,IOTC-00006,Options,User selected symbol data is not present,Pass
2019/08/25 03:43:17,IOTC-00006,Options,User selected symbol data is not present,Pass
2019/08/25 03:34:41,IOTC-00004,Options,Click on Enter_symbol Drop Down,Pass
2019/08/25 03:34:41,IOTC-00005,Options,Click on_symbol the AAPL list,Pass
2019/08/25 03:43:17,IOTC-00006,Options,User selected symbol data is not present,Pass
2019/08/25 03:43:17,IOTC-00006,Options,User selected symbol data is not present,Pass
2019/08/25 03:34:41,IOTC-00004,Options,Click on Enter_symbol Drop Down,Pass
2019/08/25 03:34:41,,Options,Right clicked on options data,Pass
2019/08/25 03:34:41,,Options,Right clicked on options data,Pass
2019/08/25 03:34:41,,Options,Click on Display_Preferences,Pass
2019/08/25 03:34:41,IOTC-00062,Options,Check Auto Refresh Off option is working or not,Pass
2019/08/25 03:34:41,,Options,Check Auto Refresh On option is working or not,Pass
2019/08/25 03:34:41,IOTC-00063,Options,Check Auto Refresh Drop down is working or not,Pass
2019/08/25 03:34:41,IOTC-00063,Options,Check Auto Refresh Drop down is working or not,Pass
2019/08/25 03:34:41,IOTC-00063,Options,Check Auto Refresh Drop down is working or not,Pass
2019/08/25 03:34:41,IOTC-00063,Options,Check Auto Refresh Drop down is working or not,Pass
2019/08/25 03:34:41,IOTC-00063,Options,Check Auto Refresh Drop down is working or not,Pass
2019/08/25 03:34:41,IOTC-00063,Options,Check Auto Refresh Drop down is working or not,Pass
2019/08/25 03:34:41,IOTC-00063,Options,Check Auto Refresh Drop down is working or not,Pass
2019/08/25 03:34:41,IOTC-00063,Options,Check Auto Refresh Drop down is working or not,Pass
2019/08/25 03:34:41,IOTC-00064,Options,Check Security Details OFF option is working or not in Additional Information Pass,Pass
2019/08/25 03:34:41,IOTC-00067,Options,Verify OK button So that the changes has to be applied in Table layout,Pass
2019/08/25 03:34:41,,Options,Right clicked on options data,Pass
2019/08/25 03:34:41,,Options,Right clicked on options data,Pass
2019/08/25 03:34:41,,Options,Click on Display_Preferences,Pass
2019/08/25 03:34:41,,Options,Security details scale Headings or not,Fail
2019/08/25 03:34:41,,Options,Check Security Details On option is working or not in Additional Information Pass,Pass
2019/08/25 03:34:41,IOTC-00067,Options,Verify OK button So that the changes has to be applied in Table layout,Pass
2019/08/25 03:34:41,,Options,Security details scale showing or not,Fail
2019/08/25 03:34:41,,Options,Right clicked on options data,Pass
2019/08/25 03:34:41,,Options,Right clicked on options data,Pass
2019/08/25 03:34:41,,Options,Click on Display_Preferences,Pass
2019/08/25 03:34:41,,Options,Check Options Details On_Off option is working or not in Additional Information Pass,Pass
2019/08/25 03:34:41,IOTC-00067,Options,Verify OK button So that the changes has to be applied in Table layout,Pass
2019/08/25 03:34:41,,Options,Options details scale Headings or not,Fail
2019/08/25 03:34:41,,Options,Right clicked on options data,Pass
2019/08/25 03:34:41,,Options,Right clicked on options data,Pass
2019/08/25 03:34:41,,Options,Click on Display_Preferences,Pass
2019/08/25 03:34:41,,Options,Check Options Details On_Off option is working or not in Additional Information Pass,Pass
2019/08/25 03:34:41,IOTC-00067,Options,Verify OK button So that the changes has to be applied in Table layout,Pass
2019/08/25 03:34:41,,Options,Options details scale showing or not,Fail
2019/08/25 03:34:41,,Options,Right clicked on options data,Pass
2019/08/25 03:34:41,,Options,Right clicked on options data,Pass
2019/08/25 03:34:41,,Options,Click on Display_Preferences,Pass
2019/08/25 03:34:41,IOTC-00066,Options,Check Mirror Columns options is working or not in Table layout,Pass
2019/08/25 03:34:41,IOTC-00067,Options,Verify OK button So that the changes has to be applied in Table layout,Pass
2019/08/25 03:34:41,,Options,Vrify the Mirror option simple colims,Fail
2019/08/25 03:34:41,,Options,Right clicked on options data,Pass
2019/08/25 03:34:41,,Options,Right clicked on options data,Pass
2019/08/25 03:34:41,,Options,Click on Display_Preferences,Pass
2019/08/25 03:34:41,IOTC-00067,Options,Check Simple  Columns options is working or not in Table layout,Pass
2019/08/25 03:34:41,,Options,select the Simple  Columns options is working or not in Table layout,Pass
2019/08/25 03:34:41,IOTC-00067,Options,Verify OK button So that the changes has to be applied in Table layout,Pass
2019/08/25 03:34:41,,Options,Vrify the simple colims,Fail
2019/08/25 03:34:41,,Options,Right clicked on options data,Pass
2019/08/25 03:34:41,,Options,Right clicked on options data,Pass
2019/08/25 03:34:41,,Options,Click on Display_Preferences,Pass
2019/08/25 03:34:41,IOTC-00068,Options,Check Put_Call Headings Off option is working or not in Table layout,Pass
2019/08/25 03:34:41,IOTC-00067,Options,Verify OK button So that the changes has to be applied in Table layout,Pass
2019/08/25 03:34:41,,Options,Vrify the simple colims,Fail
2019/08/25 03:34:41,,Options,Call text Heading or not in table,Pass
2019/08/25 03:34:41,,Options,Right clicked on options data,Pass
2019/08/25 03:34:41,,Options,Right clicked on options data,Pass
2019/08/25 03:34:41,,Options,Click on Display_Preferences,Pass
2019/08/25 03:34:41,,Options,Check Put_Call Headings On option is working or not in Table layout,Pass
2019/08/25 03:34:41,IOTC-00067,Options,Verify OK button So that the changes has to be applied in Table layout,Pass
2019/08/25 03:34:41,,Options,Vrify the simple colims,Fail
2019/08/25 03:34:41,,Options,Call text showing or not in table,Pass
2019/08/25 03:34:41,,Options,Right clicked on options data,Pass
2019/08/25 03:34:41,,Options,Right clicked on options data,Pass
2019/08/25 03:34:41,,Options,Click on Display_Preferences,Pass
2019/08/25 03:34:41,IOTC-00069,Options,Check Expiration Headings Off option is working or not in Table layout,Pass
2019/08/25 03:34:41,IOTC-00067,Options,Verify OK button So that the changes has to be applied in Table layout,Pass
2019/08/25 03:34:41,,Options,Date expiration heading or not,Fail
2019/08/25 03:34:41,,Options,Right clicked on options data,Pass
2019/08/25 03:34:41,,Options,Right clicked on options data,Pass
2019/08/25 03:34:41,,Options,Click on Display_Preferences,Pass
2019/08/25 03:34:41,,Options,Check Expiration Headings On option is working or not in Table layout,Pass
2019/08/25 03:34:41,IOTC-00067,Options,Verify OK button So that the changes has to be applied in Table layout,Pass
2019/08/25 03:34:41,,Options,Date expiration showing or not,Pass
2019/08/25 03:34:41,,Options,Right clicked on options data,Pass
2019/08/25 03:34:41,,Options,Right clicked on options data,Pass
2019/08/25 03:34:41,,Options,Click on Display_Preferences,Pass
2019/08/25 03:34:41,IOTC-00065,Options,Check Symbol Column Off option is working or not in Table layout,Pass
2019/08/25 03:34:41,,Options,Check Symbol Column On option is working or not in Table layout,Pass
2019/08/25 03:34:41,IOTC-00066,Options,Check symbol Column Dropdown is working or not Ticker and Description in Table layout,Pass
2019/08/25 03:34:41,IOTC-00066,Options,Check symbol Column Dropdown is working or not Ticker and Description in Table layout,Pass
2019/08/25 03:34:41,IOTC-00068,Options,Verify Cancel button So that the changes has to be Cancled in Table layout,Pass
2019/08/25 03:34:41,IOTC-00013,Options,Click on Pre defined Column Sets Drop Down in options,Pass
2019/08/25 03:34:41,IOTC-00014,Options,Verify the Custom Column Sets and Predefined Column Sets,Pass
2019/08/25 03:34:41,IOTC-00015,Options,Click on Custom Column Sets and Predefined Column Sets,Pass
2019/08/25 03:34:41,IOTC-00013,Options,Click on Pre defined Column Sets Drop Down in options,Pass
2019/08/25 03:34:41,IOTC-00014,Options,Verify the Custom Column Sets and Predefined Column Sets,Pass
2019/08/25 03:34:41,IOTC-00015,Options,Click on Custom Column Sets and Predefined Column Sets,Pass
2019/08/25 03:34:41,IOTC-00013,Options,Click on Pre defined Column Sets Drop Down in options,Pass
2019/08/25 03:34:41,IOTC-00014,Options,Verify the Custom Column Sets and Predefined Column Sets,Pass
2019/08/25 03:34:41,IOTC-00015,Options,Click on Custom Column Sets and Predefined Column Sets,Pass
2019/08/25 03:34:41,IOTC-00013,Options,Click on Pre defined Column Sets Drop Down in options,Pass
2019/08/25 03:34:41,IOTC-00014,Options,Verify the Custom Column Sets and Predefined Column Sets,Pass
2019/08/25 03:34:41,IOTC-00015,Options,Click on Custom Column Sets and Predefined Column Sets,Pass
2019/08/25 03:34:41,IOTC-00013,Options,Click on Pre defined Column Sets Drop Down in options,Pass
2019/08/25 03:34:41,IOTC-00014,Options,Verify the Custom Column Sets and Predefined Column Sets,Pass
2019/08/25 03:34:41,IOTC-00015,Options,Click on Custom Column Sets and Predefined Column Sets,Pass
2019/08/25 03:34:41,IOTC-00013,Options,Click on Pre defined Column Sets Drop Down in options,Pass
2019/08/25 03:34:41,IOTC-00014,Options,Verify the Custom Column Sets and Predefined Column Sets,Pass
2019/08/25 03:34:41,IOTC-00015,Options,Click on Custom Column Sets and Predefined Column Sets,Pass
2019/08/25 03:34:41,IOTC-00013,Options,Click on Pre defined Column Sets Drop Down in options,Pass
2019/08/25 03:34:41,IOTC-00014,Options,Verify the Custom Column Sets and Predefined Column Sets,Pass
2019/08/25 03:34:41,IOTC-00015,Options,Click on Custom Column Sets and Predefined Column Sets,Pass
2019/08/25 03:34:41,IOTC-00013,Options,Click on Pre defined Column Sets Drop Down in options,Pass
2019/08/25 03:34:41,IOTC-00016,Options,Click on New...Pre defined Column Sets Drop Down,Pass
2019/08/25 03:34:41,IOTC-00017,Options,Verify Add column set title,Pass
2019/08/25 03:34:41,IOTC-00018,Options,Verify save button in Add column set,Pass
2019/08/25 03:34:41,IOTC-00019,Options,Verify cancel button in Add column set,Pass
2019/08/25 03:34:41,IOTC-00020,Options,Verify close icon in Add column set,Pass
2019/08/25 03:34:41,IOTC-00021,Options,Click on cancel button in Add column set,Pass
2019/08/25 03:34:41,IOTC-00013,Options,Click on Pre defined Column Sets Drop Down in options,Pass
2019/08/25 03:34:41,IOTC-00016,Options,Click on New...Pre defined Column Sets Drop Down,Pass
2019/08/25 03:34:41,IOTC-00024,Options,Click on close icon in Add column set pop,Pass
2019/08/25 03:34:41,IOTC-00013,Options,Click on Pre defined Column Sets Drop Down in options,Pass
2019/08/25 03:34:41,IOTC-00016,Options,Click on New...Pre defined Column Sets Drop Down,Pass
2019/08/25 03:34:41,IOTC-00025,Options,Verify name text box in Add column set pop,Pass
2019/08/25 03:34:41,IOTC-00026,Options,Verify Available Columns title in Add column set pop,Pass
2019/08/25 03:34:41,IOTC-00027,Options,Verify Search box Available Columns title below in Add column set pop,Fail
2019/08/25 03:34:41,IOTC-00028,Options,Verify Selected Columns title in Add column set,Pass
2019/08/25 03:34:41,IOTC-00029,Options,Pre_defined_Column_Sets_Add_Column_Set_Selected_Columns_search_box,Fail
2019/08/25 03:34:41,IOTC-00031,Options,Verify double Arrow right icon in Add column set pop,Pass
2019/08/25 03:34:41,IOTC-00032,Options,Verify double Arrow left icon in Add column set pop,Pass
2019/08/25 03:34:41,IOTC-00033,Options,Verify down arrow default disable or not in Add column set pop,Pass
2019/08/25 03:34:41,IOTC-00034,Options,Verify up arrow default disable or not in Add column set pop,Pass
2019/08/25 03:34:41,,Options,Verify Available Columns Each list in Add column set pop,Pass
2019/08/25 03:34:41,,Options,Click on Available Columns Each list in Add column set pop,Pass
2019/08/25 03:34:41,,Options,Verify the Available '% Change' sub list in Add column set pop,Pass
2019/08/25 03:34:41,,Options,Click on Available '% Change' sub list in Add column set pop,Pass
2019/08/25 03:34:41,,Options,Click on Pre defined Column Sets Add Column Set arrow right,Pass
2019/08/25 03:34:41,,Options,Verify the Available 'Ask' sub list in Add column set pop,Pass
2019/08/25 03:34:41,,Options,Click on Available 'Ask' sub list in Add column set pop,Pass
2019/08/25 03:34:41,,Options,Click on Pre defined Column Sets Add Column Set arrow right,Pass
2019/08/25 03:34:41,,Options,Verify the Available 'Ask Size' sub list in Add column set pop,Pass
2019/08/25 03:34:41,,Options,Click on Available 'Ask Size' sub list in Add column set pop,Pass
2019/08/25 03:34:41,,Options,Click on Pre defined Column Sets Add Column Set arrow right,Pass
2019/08/25 03:34:41,,Options,Verify the Available 'Ask Yield' sub list in Add column set pop,Pass
2019/08/25 03:34:41,,Options,Click on Available 'Ask Yield' sub list in Add column set pop,Pass
2019/08/25 03:34:41,,Options,Click on Pre defined Column Sets Add Column Set arrow right,Pass
2019/08/25 03:34:41,,Options,Verify the Available 'Average Volume' sub list in Add column set pop,Pass
2019/08/25 03:34:41,,Options,Click on Available 'Average Volume' sub list in Add column set pop,Pass
2019/08/25 03:34:41,,Options,Click on Pre defined Column Sets Add Column Set arrow right,Pass
2019/08/25 03:34:41,,Options,Verify the Available 'Bid' sub list in Add column set pop,Pass
2019/08/25 03:34:41,,Options,Click on Available 'Bid' sub list in Add column set pop,Pass
2019/08/25 03:34:41,,Options,Click on Pre defined Column Sets Add Column Set arrow right,Pass
2019/08/25 03:34:41,,Options,Verify the Available 'Bid Size' sub list in Add column set pop,Pass
2019/08/25 03:34:41,,Options,Click on Available 'Bid Size' sub list in Add column set pop,Pass
2019/08/25 03:34:41,,Options,Click on Pre defined Column Sets Add Column Set arrow right,Pass
2019/08/25 03:34:41,,Options,Verify the Available 'Bid Yield' sub list in Add column set pop,Pass
2019/08/25 03:34:41,,Options,Click on Available 'Bid Yield' sub list in Add column set pop,Pass
2019/08/25 03:34:41,,Options,Click on Pre defined Column Sets Add Column Set arrow right,Pass
2019/08/25 03:34:41,,Options,Verify the Available 'Bid-Ask' sub list in Add column set pop,Pass
2019/08/25 03:34:41,,Options,Click on Available 'Bid-Ask' sub list in Add column set pop,Pass
2019/08/25 03:34:41,,Options,Click on Pre defined Column Sets Add Column Set arrow right,Pass
2019/08/25 03:34:41,,Options,Verify the Available 'Bid/Ask Size' sub list in Add column set pop,Pass
2019/08/25 03:34:41,,Options,Click on Available 'Bid/Ask Size' sub list in Add column set pop,Pass
2019/08/25 03:34:41,,Options,Click on Pre defined Column Sets Add Column Set arrow right,Pass
2019/08/25 03:34:41,,Options,Verify the Selected Columns list,Pass
2019/08/25 03:34:41,,Options,Click on Selected Columns list,Pass
2019/08/25 03:34:41,,Options,Click on Pre defined Column Sets Add Column Set arrow left,Pass
2019/08/25 03:34:41,,Options,Verify the Selected Columns list,Pass
2019/08/25 03:34:41,,Options,Click on Selected Columns list,Pass
2019/08/25 03:34:41,,Options,Click on Pre defined Column Sets Add Column Set arrow left,Pass
2019/08/25 03:34:41,IOTC-00035,Options,Click on save button in Add column set in options,Pass
2019/08/25 03:34:41,IOTC-00024,Options,Click on close icon in Add column set pop,Pass
2019/08/25 03:34:41,IOTC-00013,Options,Click on Pre defined Column Sets Drop Down in options,Pass
2019/08/25 03:34:41,IOTC-00023,Options,Click on Save Column Set Pre defined Column Sets Drop Down,Pass
2019/08/25 03:34:41,IOTC-00036,Options,Verify Save Column Set title in options,Pass
2019/08/25 03:34:41,IOTC-00037,Options,Verify save button in Save Column Set in options,Pass
2019/08/25 03:34:41,IOTC-00038,Options,Verify cancel button in Save Column Set in options,Pass
2019/08/25 03:34:41,IOTC-00039,Options,Verify close icon in Save Column Set in options,Pass
2019/08/25 03:34:41,IOTC-00040,Options,Click on cancel button in Save Column Set in options,Pass
2019/08/25 03:34:41,IOTC-00013,Options,Click on Pre defined Column Sets Drop Down in options,Pass
2019/08/25 03:34:41,IOTC-00023,Options,Click on Save Column Set Pre defined Column Sets Drop Down,Pass
2019/08/25 03:34:41,IOTC-00041,Options,Click on close icon in Save Column Set pop in options,Pass
2019/08/25 03:34:41,IOTC-00013,Options,Click on Pre defined Column Sets Drop Down in options,Pass
2019/08/25 03:34:41,IOTC-00023,Options,Click on Save Column Set Pre defined Column Sets Drop Down,Pass
2019/08/25 03:34:41,IOTC-00042,Options,Verify name text box in Save Column Set pop in options,Pass
2019/08/25 03:34:41,IOTC-00043,Options,Verify Available Columns title in Save Column Set pop in options,Pass
2019/08/25 03:34:41,IOTC-00044,Options,Verify Search box Available Columns title below in Save Column Set pop in options,Pass
2019/08/25 03:34:41,IOTC-00045,Options,Verify Selected Columns title in Save Column Set in options,Pass
2019/08/25 03:34:41,IOTC-00046,Options,Verify Search box Selected Columns title below in Save Column Set pop in options,Pass
2019/08/25 03:34:41,IOTC-00048,Options,Verify double Arrow right icon in Save Column Set pop in options,Pass
2019/08/25 03:34:41,IOTC-00049,Options,Verify double Arrow left icon in Save Column Set pop in options,Pass
2019/08/25 03:34:41,IOTC-00050,Options,Verify down arrow default disable or not in Save Column Set pop in options,Pass
2019/08/25 03:34:41,IOTC-00051,Options,Verify up arrow default disable or not in Save Column Set pop in options,Pass
2019/08/25 03:34:41,,Options,Verify Available Columns Each list in Save Column Set pop,Pass
2019/08/25 03:34:41,,Options,Verify Available Columns Each list in Save Column Set pop,Pass
2019/08/25 03:34:41,,Options,Verify Sublist Available Columns Each list in Save Column Set pop,Pass
2019/08/25 03:34:41,,Options,Click on Sublist Available Columns Each list in Save Column Set pop,Pass
2019/08/25 03:34:41,,Options,Click on Pre defined Column Sets Add Column Set arrow right,Pass
2019/08/25 03:34:41,,Options,Verify Sublist Available Columns Each list in Save Column Set pop,Pass
2019/08/25 03:34:41,,Options,Click on Sublist Available Columns Each list in Save Column Set pop,Pass
2019/08/25 03:34:41,,Options,Click on Pre defined Column Sets Add Column Set arrow right,Pass
2019/08/25 03:34:41,,Options,Verify Available Columns Each list in Save Column Set pop,Pass
2019/08/25 03:34:41,,Options,Click on Available Columns Each list in Save Column Set pop,Pass
2019/08/25 03:34:41,,Options,Click on Pre defined Column Sets Add Column Set arrow left,Pass
2019/08/25 03:34:41,,Options,Verify Available Columns Each list in Save Column Set pop,Pass
2019/08/25 03:34:41,,Options,Click on Available Columns Each list in Save Column Set pop,Pass
2019/08/25 03:34:41,,Options,Click on Pre defined Column Sets Add Column Set arrow left,Pass
2019/08/25 03:34:41,,Options,Verify Available Columns Each list in Save Column Set pop,Pass
2019/08/25 03:34:41,,Options,Verify Available Columns Each list in Save Column Set pop,Pass
2019/08/25 03:34:41,,Options,Verify Sublist Available Columns Each list in Save Column Set pop,Pass
2019/08/25 03:34:41,,Options,Click on Sublist Available Columns Each list in Save Column Set pop,Pass
2019/08/25 03:34:41,,Options,Click on Pre defined Column Sets Add Column Set arrow right,Pass
2019/08/25 03:34:41,,Options,Verify Sublist Available Columns Each list in Save Column Set pop,Pass
2019/08/25 03:34:41,,Options,Click on Sublist Available Columns Each list in Save Column Set pop,Pass
2019/08/25 03:34:41,,Options,Click on Pre defined Column Sets Add Column Set arrow right,Pass
2019/08/25 03:34:41,,Options,Verify Available Columns Each list in Save Column Set pop,Pass
2019/08/25 03:34:41,,Options,Click on Available Columns Each list in Save Column Set pop,Pass
2019/08/25 03:34:41,,Options,Click on Pre defined Column Sets Add Column Set arrow left,Pass
2019/08/25 03:34:41,,Options,Verify Available Columns Each list in Save Column Set pop,Pass
2019/08/25 03:34:41,,Options,Click on Available Columns Each list in Save Column Set pop,Pass
2019/08/25 03:34:41,,Options,Click on Pre defined Column Sets Add Column Set arrow left,Pass
2019/08/25 03:34:41,IOTC-00041,Options,Click on close icon in Save Column Set pop in options,Pass
2019/08/25 03:34:41,IOTC-00013,Options,Click on Pre defined Column Sets Drop Down in options,Pass
2019/08/25 03:34:41,IOTC-00053,Options,Click on Manage column set Pre defined Column Sets Drop Down in options,Pass
2019/08/25 03:34:41,IOTC-00054,Options,Verify Manage column set title in options,Pass
2019/08/25 03:34:41,IOTC-00055,Options,Verify close icon in Manage column set in options,Pass
2019/08/25 03:34:41,IOTC-00056,Options,Verify cancel button in Manage column set in options,Pass
2019/08/25 03:34:41,IOTC-00057,Options,Verify Edit button in Manage column set in options,Pass
2019/08/25 03:34:41,IOTC-00056,Options,Verify Copy button in Manage column set in options,Pass
2019/08/25 03:34:41,IOTC-00057,Options,Verify Delete button in Manage column set in options,Pass
2019/08/25 03:34:41,IOTC-00058,Options,Verify New button in Manage column set in options,Pass
2019/08/25 03:34:41,IOTC-00059,Options,click on close icon in Manage column set in options,Pass
2019/08/25 03:34:41,IOTC-00013,Options,Click on Pre defined Column Sets Drop Down in options,Pass
2019/08/25 03:34:41,IOTC-00053,Options,Click on Manage column set Pre defined Column Sets Drop Down in options,Pass
2019/08/25 03:34:41,IOTC-00060,Options,click on cancel button in Manage column set in options,Pass
2019/08/25 03:34:41,,Chart,Mouse over on widget name,Pass
2019/08/25 03:34:41,ICTC-00165,Chart,Click on right click on option in widget name,Pass
2019/08/25 03:34:41,ICTC-00173,Chart,Click on Close Tab in widget name,Pass
2019/08/25 03:34:41,IOTC-00001,Options,Verify the Options,Pass
2019/08/25 03:34:41,IOTC-00002,Options,Click on Options,Pass
2019/08/25 03:34:41,ILTC-00029,Options,Click on column set dropdown,Pass
2019/08/25 03:34:41,ILTC-00030,Options,Click on Default column set,Pass
2019/08/25 03:34:41,ILTC-00030,Options,Verify Bid text column of Default column set,Pass
2019/08/25 03:34:41,ILTC-00030,Options,Verify Ask text column of Deafult column set,Pass
2019/08/25 03:34:41,ILTC-00030,Options,Verify Last text column of Deafult column set,Pass
2019/08/25 03:34:41,ILTC-00030,Options,Verify Net Change text column of Deafult column set and Deafult columns set verified,Pass
2019/08/25 03:34:41,ILTC-00030,Options,Verify open Interest text column of Deafult column set,Pass
2019/08/25 03:34:41,ILTC-00029,Options,Click on Default column set,Pass
2019/08/25 03:34:41,ILTC-00030,Options,Click on New column set dropdown,Pass
2019/08/25 03:34:41,ITLC-31,Options,Enter the name for column set,Pass
2019/08/25 03:34:41,ITLC-32,Options,click on options in available columns,Pass
2019/08/25 03:34:41,ITLC-35,Options,click on optiontype in options,Pass
2019/08/25 03:34:41,ITLC-35,Options,Mouse hover on rightarrow to add columns,Pass
2019/08/25 03:34:41,ITLC-35,Options,click on rightarrow to add columns,Pass
2019/08/25 03:34:41,ITLC-35,Options,click on Strike in options,Pass
2019/08/25 03:34:41,ITLC-35,Options,Mouse hover on rightarrow to add columns,Pass
2019/08/25 03:34:41,ITLC-35,Options,click on rightarrow to add columns,Pass
2019/08/25 03:34:41,ILTC-00029,Options,Click on Save column set,Pass
2019/08/25 03:34:41,ILTC-00029,Options,Click on default column set,Pass
2019/08/25 03:34:41,ILTC-00029,Options,Click on New column set,Pass
2019/08/25 03:34:41,ITLC-35,Options,Verify entering symbol input,Pass
2019/08/25 03:34:41,ITLC-32,Options,click on options in available columns,Pass
2019/08/25 03:34:41,ITLC-35,Options,click on optiontype in options,Pass
2019/08/25 03:34:41,ITLC-35,Options,Mouse hover on rightarrow to add columns,Pass
2019/08/25 03:34:41,ITLC-35,Options,click on rightarrow to add columns,Pass
2019/08/25 03:34:41,ITLC-35,Options,click on underlyingsymbol in options,Pass
2019/08/25 03:34:41,ITLC-35,Options,Mouse hover on rightarrow to add columns,Pass
2019/08/25 03:34:41,ITLC-35,Options,click on rightarrow to add columns,Pass
2019/08/25 03:34:41,ILTC-00029,Options,Click on Save column set and colum set not added,Pass
2019/08/25 03:34:41,ILTC-00029,Options,Click on cancel column set,Pass
2019/08/25 03:34:41,ILTC-00029,Options,Click on Columnset,Pass
2019/08/25 03:34:41,ILTC-00029,Options,Click on Manage column set,Pass
2019/08/25 03:34:41,ILTC-00027,Options,Click on Bid,Pass
2019/08/25 03:34:41,ITLC-34,Options,Verify Symbol input can be cleared or not,Pass
2019/08/25 03:34:41,ITLC-35,Options,Verify entering symbol input,Pass
2019/08/25 03:34:41,,Options,verify the Show Region Menu,Pass
